Count,,Secili Rota,,POTC,,Reliability,,Robot Reliability ->,Robot 1,Robot 2,Robot 3,,Robot Time ->,Robot 1,Robot 2,Robot 3,,Robot Distance ->,Robot 1,Robot 2,Robot 3,,Rota Secilme Miktari ->,Rota Numarasi,Secilme Miktari
0,,0,,1,,1,,,0.8,0.92,0.75,,,0,0,0,,,0,0,0,,,606,1
1,,606,,0.9299624296457214,,0.5514266102387735,,,0.7997242615007473,0.919770009804813,0.7496666718619484,,,0.33773148148148147,0.28124999999999994,0.4210648148148148,,,1.459,1.215,1.819
